subquery,rank,year,chunk_id,preview
How did Tesla's manufacturing capacity and production ramp risks evolve from 2015 through 2025?,1,2024,TSLA-2024-04615,". For example, during the first quarter of 2024, we experienced a sequential decline in production volumes partially caused by the early phase of the production ramp of the updated Model 3 at our Fremont factory, and fac"
How did Tesla's manufacturing capacity and production ramp risks evolve from 2015 through 2025?,2,2015,TSLA-2015-00153,". We expect our annual production will increase considerably each year for the next several years. In addition, scaling our deliveries means that we will have an increasing number of cars in-transit, therefore production"
How did Tesla's manufacturing capacity and production ramp risks evolve from 2015 through 2025?,3,2000,TSLA-2000-03229,. We may also experience similar future delays in launching and/or ramping production of our energy storage products and Solar Roof; new product versions or variants such as the recently updated Model S and Model X; new 
How did Tesla's manufacturing capacity and production ramp risks evolve from 2015 through 2025?,4,1900,TSLA-1900-01675,". We broke ground in January 2019, and subject to a number of uncertainties, including regulatory approval, supply chain constraints, and the pace of installing production equipment and bringing the factory online, we ex"
How did Tesla's manufacturing capacity and production ramp risks evolve from 2015 through 2025?,5,2024,TSLA-2024-04613,". 32 Management Opportunities, Challenges and Uncertainties and 2025 Outlook Automotive—Production The following is a summary of the status of production of each of our announced vehicle models in production and under de"
How did Tesla's manufacturing capacity and production ramp risks evolve from 2015 through 2025?,6,2017,TSLA-2017-01107,". With demand outpacing production, we expect our backlog to remain in excess of one year for the next several quarters. We expect energy storage products to experience significant growth, with our aim being to at least "
Tesla 10-K early years evidence for: How did Tesla's manufacturing capacity and production ramp risks evolve from 2015 through 2025?,1,2024,TSLA-2024-04615,". For example, during the first quarter of 2024, we experienced a sequential decline in production volumes partially caused by the early phase of the production ramp of the updated Model 3 at our Fremont factory, and fac"
Tesla 10-K early years evidence for: How did Tesla's manufacturing capacity and production ramp risks evolve from 2015 through 2025?,2,2022,TSLA-2022-03682,". In 2022, we had over 200 graduates from Tesla START programs, with an additional 100+ graduating in the coming weeks from our winter classes. • High School Graduate Pathways - Tesla's Manufacturing Development Program "
Tesla 10-K early years evidence for: How did Tesla's manufacturing capacity and production ramp risks evolve from 2015 through 2025?,3,2015,TSLA-2015-00113,. Our financial results may vary significantly from period-to-period due to fluctuations in our operating costs. We expect our period-to-period operating results to vary based on our operating costs which we anticipate w
Tesla 10-K early years evidence for: How did Tesla's manufacturing capacity and production ramp risks evolve from 2015 through 2025?,4,2015,TSLA-2015-00150,". We commenced customer deliveries of our Model X in September 2015 and are currently ramping production. We have delivered over 107,000 vehicles through December 31, 2015. We intend to unveil Model 3, a lower priced sed"
Tesla 10-K early years evidence for: How did Tesla's manufacturing capacity and production ramp risks evolve from 2015 through 2025?,5,2024,TSLA-2024-04613,". 32 Management Opportunities, Challenges and Uncertainties and 2025 Outlook Automotive—Production The following is a summary of the status of production of each of our announced vehicle models in production and under de"
Tesla 10-K early years evidence for: How did Tesla's manufacturing capacity and production ramp risks evolve from 2015 through 2025?,6,2025,TSLA-2025-05002,". We ended 2025 with $44.06 billion in cash and cash equivalents and investments, representing an increase of $7.50 billion from the end of 2024. Our cash flows provided by operating activities were $14.75 billion in 202"
Tesla 10-K recent years evidence for: How did Tesla's manufacturing capacity and production ramp risks evolve from 2015 through 2025?,1,2024,TSLA-2024-04615,". For example, during the first quarter of 2024, we experienced a sequential decline in production volumes partially caused by the early phase of the production ramp of the updated Model 3 at our Fremont factory, and fac"
Tesla 10-K recent years evidence for: How did Tesla's manufacturing capacity and production ramp risks evolve from 2015 through 2025?,2,2015,TSLA-2015-00113,. Our financial results may vary significantly from period-to-period due to fluctuations in our operating costs. We expect our period-to-period operating results to vary based on our operating costs which we anticipate w
Tesla 10-K recent years evidence for: How did Tesla's manufacturing capacity and production ramp risks evolve from 2015 through 2025?,3,2024,TSLA-2024-04613,". 32 Management Opportunities, Challenges and Uncertainties and 2025 Outlook Automotive—Production The following is a summary of the status of production of each of our announced vehicle models in production and under de"
Tesla 10-K recent years evidence for: How did Tesla's manufacturing capacity and production ramp risks evolve from 2015 through 2025?,4,2015,TSLA-2015-00150,". We commenced customer deliveries of our Model X in September 2015 and are currently ramping production. We have delivered over 107,000 vehicles through December 31, 2015. We intend to unveil Model 3, a lower priced sed"
Tesla 10-K recent years evidence for: How did Tesla's manufacturing capacity and production ramp risks evolve from 2015 through 2025?,5,2025,TSLA-2025-05002,". We ended 2025 with $44.06 billion in cash and cash equivalents and investments, representing an increase of $7.50 billion from the end of 2024. Our cash flows provided by operating activities were $14.75 billion in 202"
Tesla 10-K recent years evidence for: How did Tesla's manufacturing capacity and production ramp risks evolve from 2015 through 2025?,6,1900,TSLA-1900-01675,". We broke ground in January 2019, and subject to a number of uncertainties, including regulatory approval, supply chain constraints, and the pace of installing production equipment and bringing the factory online, we ex"
Tesla risks and business changes related to: How did Tesla's manufacturing capacity and production ramp risks evolve from 2015 through 2025?,1,2024,TSLA-2024-04615,". For example, during the first quarter of 2024, we experienced a sequential decline in production volumes partially caused by the early phase of the production ramp of the updated Model 3 at our Fremont factory, and fac"
Tesla risks and business changes related to: How did Tesla's manufacturing capacity and production ramp risks evolve from 2015 through 2025?,2,2016,TSLA-2016-00423,". The risks described below are not the only risks facing our company. Risks and uncertainties not currently known to us or that we currently deem to be immaterial also may materially adversely affect our business, finan"
Tesla risks and business changes related to: How did Tesla's manufacturing capacity and production ramp risks evolve from 2015 through 2025?,3,2016,TSLA-2016-00489,. Our financial results may vary significantly from period-to-period due to fluctuations in our operating costs. We expect our period-to-period financial results to vary based on our operating costs which we anticipate w
Tesla risks and business changes related to: How did Tesla's manufacturing capacity and production ramp risks evolve from 2015 through 2025?,4,2024,TSLA-2024-04613,". 32 Management Opportunities, Challenges and Uncertainties and 2025 Outlook Automotive—Production The following is a summary of the status of production of each of our announced vehicle models in production and under de"
Tesla risks and business changes related to: How did Tesla's manufacturing capacity and production ramp risks evolve from 2015 through 2025?,5,2015,TSLA-2015-00150,". We commenced customer deliveries of our Model X in September 2015 and are currently ramping production. We have delivered over 107,000 vehicles through December 31, 2015. We intend to unveil Model 3, a lower priced sed"
Tesla risks and business changes related to: How did Tesla's manufacturing capacity and production ramp risks evolve from 2015 through 2025?,6,1900,TSLA-1900-01675,". We broke ground in January 2019, and subject to a number of uncertainties, including regulatory approval, supply chain constraints, and the pace of installing production equipment and bringing the factory online, we ex"
