qid,question,response,response_mode,retrieved_years,keyword_coverage,rank_weighted_keyword_score
q1_battery_technology,"How did Tesla describe battery technology, battery costs, or battery supply across the filings?","Question: How did Tesla describe battery technology, battery costs, or battery supply across the filings?

Retrieved Tesla filing evidence:

[TSLA 2015 TSLA-2015-00039] . Of this, we expect to build 35 GWh of cell production capacity at the Gigafactory and purchase 15 GWh of cells from other manufacturers. We believe that the Gigafactory will allow us to achieve a significant reduction in the cost of our battery packs once we are in volume production with Model 3. The total capital expenditures associated with the Gigafactory through 2020 are expected to be $4 to $5 billion, of which approximately $2 billion is expected to come from Tesla. Panasonic has agreed 

[TSLA 2015 TSLA-2015-00018] . The Tesla Energy product portfolio will include energy storage products with a wide range of applications, from use in single homes to use in larger utility-scale projects. Tesla Powerwall is a rechargeable lithium-ion battery designed to store energy at a residential and small commercial level for load shifting, backup power and self-consumption of solar power generation. Powerwall is available in storage sizes of 10kWh, optimized for backup applications, or 7kWh, optimized for daily use appl

[TSLA 2017 TSLA-2017-00981] . Additionally, we previously announced a patent policy in which we irrevocably pledged that we will not initiate a lawsuit against any party for infringing our patents through activity relating to electric vehicles or related equipment for so long as such party is acting in good faith. We made this pledge in order to encourage the advancement of a common, rapidly-evolving platform for electric vehicles, thereby benefiting ourselves, other companies making electric vehicles, and the world. Segme

[TSLA 2024 TSLA-2024-04620] . As these product lines grow, we will have to maintain adequate battery cell supply for our energy storage products. At the same time, changes in government and economic incentives or tariffs may also impact our sales, cost structure and the competitive landscape. Cash Flow and Capital Expenditure Trends Our capital expenditures are typically difficult to project beyond the short-term given the number and breadth of our core projects at any given time, and may further be impacted by uncertainti",extractive_fallback,"[2015, 2015, 2017, 2024, 2015, 2015]",1.0,7.033333333333333
q2_manufacturing_capacity,How did Tesla's manufacturing capacity and production ramp risks evolve from 2015 through 2025?,"Question: How did Tesla's manufacturing capacity and production ramp risks evolve from 2015 through 2025?

Retrieved Tesla filing evidence:

[TSLA 2015 TSLA-2015-00150] . We commenced customer deliveries of our Model X in September 2015 and are currently ramping production. We have delivered over 107,000 vehicles through December 31, 2015. We intend to unveil Model 3, a lower priced sedan designed for the mass market, in the first quarter of 2016 and expect to commence production and deliveries of this vehicle in late 2017. In addition to our automotive products, we recently announced the next generation of our energy storage products, the 7 kWh and 10 kWh Powe

[TSLA 1900 TSLA-1900-01541] . Our future business depends in large part on our ability to execute on our plans to manufacture, market and sell the Model 3 vehicle, which we are offering at a lower price point and which we are producing at significantly higher volumes than the Model S or Model X vehicles. We commenced production and initial customer deliveries of Model 3 in July 2017, and since then have achieved a stabilized production rate. At the Tesla Factory, we expect to continue to increase our Model 3 production rat

[TSLA 2022 TSLA-2022-03682] . In 2022, we had over 200 graduates from Tesla START programs, with an additional 100+ graduating in the coming weeks from our winter classes. • High School Graduate Pathways - Tesla's Manufacturing Development Program is designed to provide graduating high school seniors with the financial resources, coursework and experience they need to start a successful manufacturing career at Tesla. We hired 144 graduates through this program in 2022, and our goal in 2023 is to grow this program 2.5X to o

[TSLA 2015 TSLA-2015-00113] . Our financial results may vary significantly from period-to-period due to fluctuations in our operating costs. We expect our period-to-period operating results to vary based on our operating costs which we anticipate will increase significantly in future periods as we, among other things, design, develop and manufacture Model 3, Tesla Energy products and other future products, increase the production capacity at our manufacturing facilities to produce vehicles at higher volumes, including ramp",extractive_fallback,"[2015, 1900, 2022, 2015, 2016, 2024]",1.0,7.483333333333334
q3_autopilot_self_driving,"What do the filings say about Autopilot, self-driving, artificial intelligence, or autonomous vehicle technology?","Question: What do the filings say about Autopilot, self-driving, artificial intelligence, or autonomous vehicle technology?

Retrieved Tesla filing evidence:

[TSLA 2017 TSLA-2017-01038] . Additionally, our vehicles are equipped with a suite of driver-assistance features called autopilot, which help assist drivers with certain tedious and potentially dangerous aspects of road travel, but require drivers to remain engaged. There is a variety of international, federal, and state regulations that may apply to self-driving vehicles, which include many existing vehicle standards that were not originally intended to apply to vehicles that may not have a driver. Such regulations contin

[TSLA 1900 TSLA-1900-01606] . Additionally, our vehicles are equipped with a suite of driver-assistance features called Autopilot, which help assist drivers with certain tedious and potentially dangerous aspects of road travel, but require drivers to remain engaged. There is a variety of international, federal and state regulations that may apply to self-driving vehicles, which include many existing vehicle standards that were not originally intended to apply to vehicles that may not have a driver. Such regulations continu

[TSLA 2024 TSLA-2024-04582] . We are continuing to develop our Autopilot and FSD (Supervised) technology. There are a variety of international, federal and state regulations that may apply to, and may adversely affect, the design and performance, sale, marketing, registration and operation of Autopilot and FSD (Supervised), and future capability, including autonomous vehicles that may not be operated by a human driver. This includes many existing vehicle standards that were not originally intended to apply to vehicles that

[TSLA 2023 TSLA-2023-04170] . We are continuing to develop our Autopilot and FSD Capability technology. There are a variety of international, federal and state regulations that may apply to, and may adversely affect, the design and performance, sale, marketing, registration and operation of Autopilot and FSD Capability, and future capability, including full self-driving vehicles that may not be operated by a human driver. This includes many existing vehicle standards that were not originally intended to apply to vehicles t",extractive_fallback,"[2017, 1900, 2024, 2023, 1900, 2000]",0.8,5.099999999999999
q4_regulatory_risk,What regulatory risks appear repeatedly in Tesla's multi-year 10-K filings?,"Question: What regulatory risks appear repeatedly in Tesla's multi-year 10-K filings?

Retrieved Tesla filing evidence:

[TSLA 2020 TSLA-2020-03098] . We believe that the claims have no merit and intend to defend against them vigorously. We are unable to estimate the potential loss or range of loss, if any, associated with these lawsuits. Certain Investigations and Other Matters We receive requests for information from regulators and governmental authorities, such as the National Highway Traffic Safety Administration, the National Transportation Safety Board, the SEC, the Department of Justice (“DOJ”) and various state, federal, and internat

[TSLA 2000 TSLA-2000-03223] . Available Information We file or furnish periodic reports and amendments thereto, including our Annual Reports on Form 10-K, our Quarterly Reports on Form 10-Q and Current Reports on Form 8-K, proxy statements and other information with the SEC. In addition, the SEC maintains a website ( www.sec.gov ) that contains reports, proxy and information statements, and other information regarding issuers that file electronically. Our website is located at www.tesla.com , and our reports, amendments th

[TSLA 2023 TSLA-2023-04192] . In addition, each of the matters below is being disclosed pursuant to Item 103 of Regulation S-K because it relates to environmental regulations and aggregate civil penalties that we currently believe could potentially exceed $1 million. We believe that any proceeding that is material to our business or financial condition is likely to have potential penalties far in excess of such amount. District attorneys in certain California counties conducted an investigation into Tesla’s waste segregati

[TSLA 2022 TSLA-2022-03767] . This is primarily relating to administrative requirements, but Tesla has continued to take back battery packs, and filed a new objection in June 2021. A hearing took place on November 24, 2022, and the parties reached a settlement which resulted in a further reduction of the fine to 600,000 euro. Both parties have waived their right to appeal. District attorneys in certain California counties are conducting an investigation into Tesla’s waste segregation practices pursuant to Cal. Health & Saf",extractive_fallback,"[2020, 2000, 2023, 2022, 1900, 2000]",0.8,4.3500000000000005
q5_revenue_business_model,How did Tesla's business model and revenue sources change across the filing years?,"Question: How did Tesla's business model and revenue sources change across the filing years?

Retrieved Tesla filing evidence:

[TSLA 2015 TSLA-2015-00183] . The increase in cost of automotive revenues was driven primarily by increased Model S deliveries. For the years ended December 31, 2015, 2014, and 2013, we recognized $172.4 million, $84.5, and $21.1 million in cost of automotive revenues related to cars accounted for as operating leases. Cost of services and other revenue includes direct parts, material and labor costs for repair and maintenance services, allocations of service center overhead costs, pre-owned Tesla vehicle sales, sales of ou

[TSLA 2015 TSLA-2015-00150] . We commenced customer deliveries of our Model X in September 2015 and are currently ramping production. We have delivered over 107,000 vehicles through December 31, 2015. We intend to unveil Model 3, a lower priced sedan designed for the mass market, in the first quarter of 2016 and expect to commence production and deliveries of this vehicle in late 2017. In addition to our automotive products, we recently announced the next generation of our energy storage products, the 7 kWh and 10 kWh Powe

[TSLA 2015 TSLA-2015-00181] . Results of Operations Revenues Automotive revenue includes revenues related to deliveries of new Model S and Model X vehicles, including internet connectivity, Supercharging access, and over the air software updates, as well as sales of regulatory credits to other automotive manufacturers, amortization of revenue for cars sold with resale value guarantees, and vehicle leasing revenue. Services and other revenue consists of repair and maintenance services, service plans and merchandise, sales o

[TSLA 2016 TSLA-2016-00357] . Such proxy statement will be filed with the Securities and Exchange Commission within 120 days of the registrant’s fiscal year ended December 31, 2016. TESLA, INC. ANNUAL REPORT ON FORM 10-K FOR THE YEAR ENDED DECEMBER 31, 2016 INDEX Page PART I. Item 1. Business 1",extractive_fallback,"[2015, 2015, 2015, 2016, 2000, 2017]",1.0,7.166666666666667
q6_competition,"How does Tesla describe competitive pressure in electric vehicles, energy storage, and related markets?","Question: How does Tesla describe competitive pressure in electric vehicles, energy storage, and related markets?

Retrieved Tesla filing evidence:

[TSLA 2017 TSLA-2017-00998] . Moreover, the mass market demographic which we are targeting with Model 3 is larger, but more competitive, than the demographic for Model S and Model X, and additional electric vehicles are entering the market. If the market for electric vehicles in general and Tesla vehicles in particular does not develop as we expect, or develops more slowly than we expect, or if demand for our vehicles decreases in key and other markets, our business, prospects, financial condition and operating results cou

[TSLA 2020 TSLA-2020-02705] . If the market for electric vehicles in general and Tesla vehicles in particular does not develop as we expect, develops more slowly than we expect, or if demand for our vehicles decreases in our markets or our vehicles compete with each other, our business, prospects, financial condition and operating results may be harmed. We are still at an earlier stage and have limited resources and production relative to established competitors that offer internal combustion engine vehicles. In addition, 

[TSLA 2000 TSLA-2000-03234] . If the market for electric vehicles in general and Tesla vehicles in particular does not develop as we expect, develops more slowly than we expect, or if demand for our vehicles decreases in our markets or our vehicles compete with each other, our business, prospects, financial condition and operating results may be harmed. We are still at an earlier stage of development and have limited resources and production relative to established competitors that offer internal combustion engine vehicles

[TSLA 1900 TSLA-1900-01573] . In some cases, such competitors have announced an intention to produce electric vehicles exclusively at some point in the future. Most of our current and potential competitors have significantly greater financial, technical, manufacturing, marketing, vehicle sales resources and networks than we do and may be able to devote greater resources to the design, development, manufacturing, distribution, promotion, sale and support of their products. In particular, some competitors have also announced",extractive_fallback,"[2017, 2020, 2000, 1900, 2000, 2023]",0.6,4.116666666666667
