question,tool,evidence
How did Tesla's manufacturing capacity and production ramp risks evolve from 2015 through 2025?,early_period,"[TSLA 2017 TSLA-2017-00985]
. We may also experience similar future delays or other complications in bringing to market and ramping production of new vehicles, such as our Tesla Semi truck, our planned Model Y and new Tesla Roadster, our energy storage products and the Solar Roof. Any significant additional delay or other complication in the production of our current products or the development, manufacture, launch and production ramp of our future products, including complications associated with expanding our production capacity and supply chain or obtaining or maintaining regulatory approvals, could materially damage our brand, business, prospects, financial condition and operating results. We may experience delays 

[TSLA 2017 TSLA-2017-01107]
. With demand outpacing production, we expect our backlog to remain in excess of one year for the next several quarters. We expect energy storage products to experience significant growth, with our aim being to at least triple our sales in 2018. We are ramping up production for these products at our Gigafactory 1 over the next several quarters, but demand is greater than our current production capacity for energy storage. We expect energy generation and storage gross margin to improve significantly in 2018 as we enter the year with a backlog of higher-margin commercial solar projects and a more profitable energy storage business due to overall cost and manufacturing efficiencies from scaling

[TSLA 2015 TSLA-2015-00153]
. We expect our annual production will increase considerably each year for the next several years. In addition, scaling our deliveries means that we will have an increasing number of cars in-transit, therefore production will exceed deliveries. During 2015, we achieved significant efficiencies in Model S production and produced 14,037 vehicles in the fourth quarter of 2015. We began production of Model X in the third quarter of 2015. We plan to deliver 80,000 to 90,000 new Model S and Model X vehicles in 2016. 32 In addition to expanding our vehicle production, we expect to continue to lower the cost of manufacturing our vehicles over the next several quarters. We expect that this trend will

[TSLA 2017 TSLA-2017-01102]
. As our sales network continues to expand to new markets in 2018, we believe vehicle orders should continue to grow . With demand outpacing production, we plan to optimize the trim and option mix in order to optimize revenue and gross margin. W e have made significant and sustained progress in the production processes of Model S and Model X , and we will continue to improve manufacturing efficiencies for these vehicles in 2018. We expect Model 3 production and deliveries to grow significantly in 2018. The initial phase of manufacturing any new vehicle is always challenging, and the Model 3 production ramp has been no exception, particularly given our focus on highly automated manufacturing 

[TSLA 2016 TSLA-2016-00489]
. Our financial results may vary significantly from period-to-period due to fluctuations in our operating costs. We expect our period-to-period financial results to vary based on our operating costs which we anticipate will increase significantly in future periods as we, among other things, design, develop and manufacture Model 3, energy storage and solar products and other future products, increase the production capacity at our manufacturing facilities to produce vehicles at higher volumes, including ramping up the production of Model S and Model X, expand Gigafactory 1, open new Tesla stores and service centers with maintenance and repair capabilities, open new Supercharger locations, dev

[TSLA 2015 TSLA-2015-00058]
. The complexity in our business continues to grow as we introduce new products and variants. We have limited experience simultaneously designing, testing, manufacturing, upgrading, adapting and selling our electric vehicles as well as limited experience allocating our available resources among the design and production of multiple vehicles, such as Model S, Model X and Model 3, and the variants thereof. In the past, when we have added complexity to our production line, we have occasionally experienced unexpected delays. Similar problems may occur in the future as we simultaneously produce Model X and Model S vehicles, as well as future vehicles and Tesla Energy products. We may be unable to"
How did Tesla's manufacturing capacity and production ramp risks evolve from 2015 through 2025?,recent_period,"[TSLA 2024 TSLA-2024-04615]
. For example, during the first quarter of 2024, we experienced a sequential decline in production volumes partially caused by the early phase of the production ramp of the updated Model 3 at our Fremont factory, and factory shutdowns at Gigafactory Berlin-Brandenburg resulting from shipping diversions caused by the Red Sea conflict and an arson attack. In the first quarter of 2025, as we launch our New Model Y worldwide, we may similarly experience delays or declines in production volumes due to simultaneous manufacturing ramps in facilities on three continents. Moreover, we have set ambitious technological targets with our plans for battery cells as well as for iterative manufacturing and 

[TSLA 2023 TSLA-2023-04202]
. The next phase of production growth will depend on the continued ramp at our factories and the introduction of our next generation platform, as well as our ability to add to our available sources of battery cell supply by manufacturing our own cells that we are developing to have high-volume output, lower capital and production costs and longer range. Our goals are to improve vehicle performance, decrease production costs and increase affordability and customer awareness. These plans are subject to uncertainties inherent in establishing and ramping manufacturing operations, which may be exacerbated by new product and manufacturing technologies we introduce, the number of concurrent interna

[TSLA 2024 TSLA-2024-04614]
. The next phase of production growth will depend on the continued ramp at our factories and be initiated by advances in autonomy and the introduction of new products, including those built on our next generation vehicle platform, as well as our ability to add to our available sources of battery cell supply by manufacturing our own cells that we are developing to have high-volume output, lower capital and production costs and longer range. Our goals are to improve vehicle performance, decrease production costs and increase affordability and customer awareness. These plans are subject to uncertainties inherent in establishing and ramping manufacturing operations, which may be exacerbated by n

[TSLA 2022 TSLA-2022-03775]
. The next phase of production growth will depend on the ramp at Gigafactory Berlin-Brandenburg and Gigafactory Texas, as well as our ability to add to our available sources of battery cell supply by manufacturing our own cells that we are developing to have high-volume output, lower capital and production costs and longer range. Our goals are to improve vehicle performance, decrease production costs and increase affordability. However, these plans are subject to uncertainties inherent in establishing and ramping manufacturing operations, which may be exacerbated by the new product and manufacturing technologies we are introducing, the number of concurrent international projects, any industr

[TSLA 2023 TSLA-2023-04201]
. 33 Management Opportunities, Challenges and Uncertainties and 2024 Outlook Automotive—Production The following is a summary of the status of production of each of our announced vehicle models in production and under development, as of the date of this Annual Report on Form 10-K: Production Location Vehicle Model(s) Production Status Fremont Factory Model S / Model X Active Model 3 / Model Y Active Gigafactory Shanghai Model 3 / Model Y Active Gigafactory Berlin-Brandenburg Model Y Active Gigafactory Texas Model Y Active Cybertruck Active Gigafactory Nevada Tesla Semi Pilot production Various Next Generation Platform In development TBD Tesla Roadster In development We are focused on growing

[TSLA 2022 TSLA-2022-03774]
. Sustained growth has allowed our business to generally fund itself, and we will continue investing in a number of capital-intensive projects in upcoming periods. Management Opportunities, Challenges and Uncertainties and 2023 Outlook Automotive—Production The following is a summary of the status of production of each of our announced vehicle models in production and under development, as of the date of this Annual Report on Form 10-K: Production Location Vehicle Model(s) Production Status Fremont Factory Model S / Model X Active Model 3 / Model Y Active Gigafactory Shanghai Model 3 / Model Y Active Gigafactory Berlin-Brandenburg Model Y Active Gigafactory Texas Model Y Active Cybertruck To"
How did Tesla's manufacturing capacity and production ramp risks evolve from 2015 through 2025?,all_years,"[TSLA 2024 TSLA-2024-04615]
. For example, during the first quarter of 2024, we experienced a sequential decline in production volumes partially caused by the early phase of the production ramp of the updated Model 3 at our Fremont factory, and factory shutdowns at Gigafactory Berlin-Brandenburg resulting from shipping diversions caused by the Red Sea conflict and an arson attack. In the first quarter of 2025, as we launch our New Model Y worldwide, we may similarly experience delays or declines in production volumes due to simultaneous manufacturing ramps in facilities on three continents. Moreover, we have set ambitious technological targets with our plans for battery cells as well as for iterative manufacturing and 

[TSLA 2015 TSLA-2015-00153]
. We expect our annual production will increase considerably each year for the next several years. In addition, scaling our deliveries means that we will have an increasing number of cars in-transit, therefore production will exceed deliveries. During 2015, we achieved significant efficiencies in Model S production and produced 14,037 vehicles in the fourth quarter of 2015. We began production of Model X in the third quarter of 2015. We plan to deliver 80,000 to 90,000 new Model S and Model X vehicles in 2016. 32 In addition to expanding our vehicle production, we expect to continue to lower the cost of manufacturing our vehicles over the next several quarters. We expect that this trend will

[TSLA 2000 TSLA-2000-03229]
. We may also experience similar future delays in launching and/or ramping production of our energy storage products and Solar Roof; new product versions or variants such as the recently updated Model S and Model X; new vehicles such as Tesla Semi, Cybertruck and the new Tesla Roadster; and future features and services based on artificial intelligence, such as new Autopilot or FSD 14 functionalities, the autonomous Tesla ride-hailing network and robotics. Likewise, we may encounter delays with the design, construction and regulatory or other approvals necessary to build and bring online future manufacturing facilities and products. Any delay or other complication in ramping the production of

[TSLA 1900 TSLA-1900-01675]
. We broke ground in January 2019, and subject to a number of uncertainties, including regulatory approval, supply chain constraints, and the pace of installing production equipment and bringing the factory online, we expect to begin production of certain trims of Model 3 at Gigafactory Shanghai by the end of 2019. We expect much of the investment in Gigafactory Shanghai to be provided through local debt financing, supported by limited direct capital expenditures by us. Moreover, we are targeting the capital expenditures per unit of production capacity at this factory to be less than that of our Model 3 production at the Tesla Factory, from which we have drawn learnings that should allow us 

[TSLA 2024 TSLA-2024-04613]
. 32 Management Opportunities, Challenges and Uncertainties and 2025 Outlook Automotive—Production The following is a summary of the status of production of each of our announced vehicle models in production and under development, as of the date of this Annual Report on Form 10-K: Region Vehicle Model(s) Production Status California Model S / Model X Active Model 3 / Model Y Active Shanghai Model 3 / Model Y Active Berlin Model Y Active Texas Model Y Active Cybertruck Active Cybercab In development Nevada Tesla Semi Pilot production TBD Roadster In development We are focused on growing our manufacturing capacity, which includes capacity for manufacturing newer vehicle models such as our Cybe

[TSLA 2017 TSLA-2017-01107]
. With demand outpacing production, we expect our backlog to remain in excess of one year for the next several quarters. We expect energy storage products to experience significant growth, with our aim being to at least triple our sales in 2018. We are ramping up production for these products at our Gigafactory 1 over the next several quarters, but demand is greater than our current production capacity for energy storage. We expect energy generation and storage gross margin to improve significantly in 2018 as we enter the year with a backlog of higher-margin commercial solar projects and a more profitable energy storage business due to overall cost and manufacturing efficiencies from scaling"
